{"epoch": 99, "loss12": 4.6230669021606445, "loss3": 1.0078125, "loss": 5.6308794021606445, "train_accuracy": 78.125, "_timestamp": 1699046878.2970097, "_runtime": 850.2564826011658, "_step": 99, "_wandb": {"runtime": 849}}