{"epoch": 2, "loss12": 47.71096420288086, "loss3": 9.546875, "loss": 57.25783920288086, "train_accuracy": 4.6875, "_timestamp": 1699044264.3595586, "_runtime": 33.249966621398926, "_step": 2, "_wandb": {"runtime": 40}}