{"epoch": 4, "loss12": 215.99722290039062, "loss3": 10.6875, "loss": 226.68472290039062, "train_accuracy": 0.0, "_timestamp": 1699043727.9110131, "_runtime": 52.31738615036011, "_step": 4, "_wandb": {"runtime": 57}}