{
    "origin_acc0": 96.22718052738337,
    "origin_acc1": 96.1866125760649,
    "origin_acc2": 95.86206896551724,
    "mean": 96.092,
    "var": 0.027,
    "task": "Crossentropy -D1024-ratio"
}