{
    "origin_acc0": 96.3894523326572,
    "origin_acc1": 96.3894523326572,
    "origin_acc2": 96.1866125760649,
    "mean": 96.32183908045977
}{
    "origin_acc0": 94.07707910750507,
    "origin_acc1": 94.2393509127789,
    "origin_acc2": 94.07707910750507,
    "mean": 94.13116970926302
}{
    "origin_acc0": 95.05070993914808,
    "origin_acc1": 94.56389452332657,
    "origin_acc2": 95.09127789046653,
    "mean": 94.90196078431372
}