{
    "origin_acc0": 95.61866125760649,
    "origin_acc1": 95.25354969574036,
    "origin_acc2": 96.22718052738337,
    "mean": 95.7,
    "var": 0.161,
    "task": "CLIP-Adapter, Crossentropy -D1"
}{
    "origin_acc0": 96.51115618661258,
    "origin_acc1": 95.78093306288032,
    "origin_acc2": 96.22718052738337,
    "mean": 96.173,
    "var": 0.09,
    "task": "CLIP-Adapter, Crossentropy -D1-ratio"
}