{
    "origin_acc0": 71.92671394799055,
    "origin_acc1": 72.69503546099291,
    "origin_acc2": 72.93144208037825,
    "mean": 72.51773049645391
}{
    "origin_acc0": 66.548463356974,
    "origin_acc1": 67.78959810874704,
    "origin_acc2": 67.19858156028369,
    "mean": 67.17888100866824
}{
    "origin_acc0": 71.27659574468085,
    "origin_acc1": 71.5130023640662,
    "origin_acc2": 69.91725768321513,
    "mean": 70.9022852639874,
    "task": "loss=loss1+loss2"
}