{
    "origin_acc0": 71.15839243498817,
    "origin_acc1": 70.80378250591016,
    "origin_acc2": 71.92671394799055,
    "mean": 71.296,
    "var": 0.22,
    "task": "CLIP-Adapter, Crossentropy -D1"
}{
    "origin_acc0": 71.27659574468085,
    "origin_acc1": 72.34042553191489,
    "origin_acc2": 71.74940898345153,
    "mean": 71.789,
    "var": 0.189,
    "task": "CLIP-Adapter, Crossentropy -D1-ratio"
}