{
    "origin_acc0": 68.32151300236407,
    "origin_acc1": 69.03073286052009,
    "origin_acc2": 69.73995271867612,
    "mean": 69.031,
    "var": 0.335,
    "task": "Crossentropy -D1024-ratio"
}