{
    "origin_acc0": 71.92671394799055,
    "origin_acc1": 72.69503546099291,
    "origin_acc2": 72.93144208037825,
    "mean": 72.51773049645391
}{
    "origin_acc0": 66.548463356974,
    "origin_acc1": 67.78959810874704,
    "origin_acc2": 67.19858156028369,
    "mean": 67.17888100866824
}{
    "origin_acc0": 71.33569739952719,
    "origin_acc1": 71.27659574468085,
    "origin_acc2": 70.15366430260048,
    "mean": 70.92198581560284,
    "task": "loss=contrastive+crossentropy"
}{
    "origin_acc0": 70.27186761229315,
    "origin_acc1": 70.62647754137116,
    "origin_acc2": 69.91725768321513,
    "mean": 70.27186761229315,
    "task": "loss=contrastive+crossentropy-scale100"
}{
    "origin_acc0": 38.002364066193856,
    "origin_acc1": 37.64775413711584,
    "origin_acc2": 55.378250591016545,
    "mean": 43.67612293144208,
    "task": "loss=cyclip+crossentropy-exp.scale100"
}{
    "origin_acc0": 68.49881796690308,
    "origin_acc1": 68.14420803782505,
    "origin_acc2": 67.43498817966903,
    "mean": 68.02600472813239,
    "task": "loss=cyclip+crossentropy-only100"
}{
    "origin_acc0": 67.90780141843972,
    "origin_acc1": 63.77068557919622,
    "origin_acc2": 61.46572104018912,
    "mean": 64.38140267927501,
    "task": "loss=cyclip+crossentropy-imgfeat-100, clip weight-exp.10"
}{
    "origin_acc0": 66.84397163120568,
    "origin_acc1": 66.66666666666667,
    "origin_acc2": 65.2482269503546,
    "mean": 66.2529550827423,
    "task": "two adapter crossentropy results:"
}