{
    "origin_acc0": 85.72839506172839,
    "origin_acc1": 87.82716049382717,
    "origin_acc2": 86.82716049382717,
    "mean": 86.79423868312756
}{
    "origin_acc0": 81.71604938271605,
    "origin_acc1": 86.62962962962963,
    "origin_acc2": 85.34567901234568,
    "mean": 84.56378600823045
}{
    "origin_acc0": 84.9753086419753,
    "origin_acc1": 87.71604938271605,
    "origin_acc2": 86.8395061728395,
    "mean": 86.51028806584361,
    "task": "loss=contrastive+crossentropy"
}{
    "origin_acc0": 82.5925925925926,
    "origin_acc1": 86.50617283950618,
    "origin_acc2": 85.96296296296296,
    "mean": 85.02057613168725,
    "task": "loss=contrastive+crossentropy-scale100"
}{
    "origin_acc0": 38.098765432098766,
    "origin_acc1": 19.617283950617285,
    "origin_acc2": 23.333333333333332,
    "mean": 27.016460905349792,
    "task": "loss=cyclip+crossentropy-exp.scale100"
}{
    "origin_acc0": 77.06172839506173,
    "origin_acc1": 84.98765432098766,
    "origin_acc2": 81.4320987654321,
    "mean": 81.1604938271605,
    "task": "loss=cyclip+crossentropy-only100"
}