{
    "origin_acc0": 82.27160493827161,
    "origin_acc1": 85.23456790123457,
    "origin_acc2": 83.17283950617283,
    "mean": 83.56,
    "var": 1.538,
    "task": "CLIP-Adapter, Crossentropy -D1"
}{
    "origin_acc0": 84.58024691358025,
    "origin_acc1": 87.28395061728395,
    "origin_acc2": 84.58024691358025,
    "mean": 85.481,
    "var": 1.624,
    "task": "CLIP-Adapter, Crossentropy -D1-ratio"
}