{
    "origin_acc0": 80.0246913580247,
    "origin_acc1": 80.11111111111111,
    "origin_acc2": 80.90123456790124,
    "mean": 80.346,
    "var": 0.156,
    "task": "Crossentropy -D1024-ratio"
}