{
    "origin_acc0": 85.72839506172839,
    "origin_acc1": 87.82716049382717,
    "origin_acc2": 86.82716049382717,
    "mean": 86.79423868312756
}{
    "origin_acc0": 81.71604938271605,
    "origin_acc1": 86.62962962962963,
    "origin_acc2": 85.34567901234568,
    "mean": 84.56378600823045
}{
    "origin_acc0": 85.06172839506173,
    "origin_acc1": 87.25925925925925,
    "origin_acc2": 86.76543209876543,
    "mean": 86.36213991769547,
    "task": "loss=loss1+loss2"
}{
    "origin_acc0": 85.18518518518519,
    "origin_acc1": 87.96296296296296,
    "origin_acc2": 85.81481481481481,
    "mean": 86.32098765432097,
    "task": "contrastive loss-no torch.exp"
}