{
    "origin_acc0": 80.0246913580247,
    "origin_acc1": 80.11111111111111,
    "origin_acc2": 80.90123456790124,
    "mean": 80.346,
    "var": 0.156,
    "task": "Crossentropy -D1024-ratio"
}{
    "origin_acc0": 78.0246913580247,
    "origin_acc1": 73.18518518518519,
    "origin_acc2": 76.90123456790124,
    "mean": 76.037,
    "var": 4.277,
    "task": "Crossentropy -D1024-ratio-alpha-exp-init1"
}{
    "origin_acc0": 69.12345679012346,
    "origin_acc1": 65.9753086419753,
    "origin_acc2": 67.12345679012346,
    "mean": 67.407,
    "var": 1.692,
    "task": "Crossentropy -D1024-ratio-alpha-exp-init4"
}{
    "origin_acc0": 79.91358024691358,
    "origin_acc1": 78.1604938271605,
    "origin_acc2": 76.07407407407408,
    "mean": 78.049,
    "var": 2.463,
    "task": "Crossentropy -D1024-ratio-alpha-exp-init-0.5"
}{
    "origin_acc0": 78.9753086419753,
    "origin_acc1": 74.06172839506173,
    "origin_acc2": 77.8395061728395,
    "mean": 76.959,
    "var": 4.412,
    "task": "Crossentropy -D1024-ratio-alpha-log-init-10"
}{
    "origin_acc0": 48.69135802469136,
    "origin_acc1": 49.135802469135804,
    "origin_acc2": 48.370370370370374,
    "mean": 48.733,
    "var": 0.098,
    "task": "Crossentropy -D1024-ratio-alpha-log-init-1"
}{
    "origin_acc0": 78.77777777777777,
    "origin_acc1": 74.76543209876543,
    "origin_acc2": 77.54320987654322,
    "mean": 77.029,
    "var": 2.815,
    "task": "Crossentropy -D1024-ratio-alpha-old"
}{
    "origin_acc0": 76.23456790123457,
    "origin_acc1": 71.85185185185185,
    "origin_acc2": 73.0246913580247,
    "mean": 73.704,
    "var": 3.432,
    "task": "Crossentropy -D1024-ratio-alpha-beta"
}