{
    "origin_acc0": 85.72839506172839,
    "origin_acc1": 87.82716049382717,
    "origin_acc2": 86.82716049382717,
    "mean": 86.79423868312756
}