{
    "origin_acc0": 85.72839506172839,
    "origin_acc1": 87.82716049382717,
    "origin_acc2": 86.82716049382717,
    "mean": 86.79423868312756
}{
    "origin_acc0": 81.71604938271605,
    "origin_acc1": 86.62962962962963,
    "origin_acc2": 85.34567901234568,
    "mean": 84.56378600823045
}{
    "origin_acc0": 82.77777777777777,
    "origin_acc1": 86.8641975308642,
    "origin_acc2": 85.81481481481481,
    "mean": 85.1522633744856
}