{
    "origin_acc0": 44.884488448844884,
    "origin_acc1": 43.80438043804381,
    "origin_acc2": 46.234623462346235,
    "mean": 44.97449744974497
}{
    "origin_acc0": 44.164416441644164,
    "origin_acc1": 45.39453945394539,
    "origin_acc2": 45.45454545454545,
    "mean": 45.00450045004501
}{
    "origin_acc0": 44.61446144614462,
    "origin_acc1": 45.15451545154515,
    "origin_acc2": 45.39453945394539,
    "mean": 45.05450545054506
}