{
    "origin_acc0": 44.884488448844884,
    "origin_acc1": 43.80438043804381,
    "origin_acc2": 46.234623462346235,
    "mean": 44.97449744974497
}{
    "origin_acc0": 44.164416441644164,
    "origin_acc1": 45.39453945394539,
    "origin_acc2": 45.45454545454545,
    "mean": 45.00450045004501
}{
    "origin_acc0": 46.74467446744674,
    "origin_acc1": 47.37473747374737,
    "origin_acc2": 46.74467446744674,
    "mean": 46.95469546954695,
    "task": "loss=loss1+loss2"
}{
    "origin_acc0": 45.994599459945995,
    "origin_acc1": 46.59465946594659,
    "origin_acc2": 46.11461146114611,
    "mean": 46.234623462346235,
    "task": "contrastive loss-no torch.exp"
}