{
    "origin_acc0": 44.884488448844884,
    "origin_acc1": 43.80438043804381,
    "origin_acc2": 46.234623462346235,
    "mean": 44.97449744974497
}{
    "origin_acc0": 44.164416441644164,
    "origin_acc1": 45.39453945394539,
    "origin_acc2": 45.45454545454545,
    "mean": 45.00450045004501
}{
    "origin_acc0": 45.15451545154515,
    "origin_acc1": 46.05460546054606,
    "origin_acc2": 45.72457245724573,
    "mean": 45.64456445644564,
    "task": "loss=contrastive+crossentropy"
}{
    "origin_acc0": 46.68466846684669,
    "origin_acc1": 45.754575457545755,
    "origin_acc2": 45.45454545454545,
    "mean": 45.96459645964597,
    "task": "loss=contrastive+crossentropy-scale100"
}{
    "origin_acc0": 13.171317131713172,
    "origin_acc1": 25.802580258025802,
    "origin_acc2": 5.0405040504050405,
    "mean": 14.67146714671467,
    "task": "loss=cyclip+crossentropy-exp.scale100"
}{
    "origin_acc0": 44.58445844584458,
    "origin_acc1": 40.89408940894089,
    "origin_acc2": 44.224422442244226,
    "mean": 43.23432343234324,
    "task": "loss=cyclip+crossentropy-only100"
}{
    "origin_acc0": 37.62376237623762,
    "origin_acc1": 35.40354035403541,
    "origin_acc2": 36.51365136513651,
    "mean": 36.51365136513651,
    "task": "loss=cyclip+crossentropy-imgfeat-100, clip weight-exp.10"
}