{
    "origin_acc0": 38.223822382238225,
    "origin_acc1": 37.95379537953795,
    "origin_acc2": 36.42364236423642,
    "mean": 37.534,
    "var": 0.628,
    "task": "Crossentropy -D1024-ratio"
}