{
    "origin_acc0": 44.884488448844884,
    "origin_acc1": 43.80438043804381,
    "origin_acc2": 46.234623462346235,
    "mean": 44.97449744974497
}