{
    "origin_acc0": 45.93459345934593,
    "origin_acc1": 46.98469846984698,
    "origin_acc2": 47.044704470447044,
    "mean": 46.655,
    "var": 0.26,
    "task": "CLIP-Adapter, Crossentropy -D1"
}{
    "origin_acc0": 47.194719471947195,
    "origin_acc1": 48.154815481548155,
    "origin_acc2": 46.41464146414641,
    "mean": 47.255,
    "var": 0.507,
    "task": "CLIP-Adapter, Crossentropy -D1-ratio"
}