{
    "origin_acc0": 44.884488448844884,
    "origin_acc1": 43.80438043804381,
    "origin_acc2": 46.234623462346235,
    "mean": 44.97449744974497
}{
    "origin_acc0": 44.164416441644164,
    "origin_acc1": 45.39453945394539,
    "origin_acc2": 45.45454545454545,
    "mean": 45.00450045004501
}{
    "origin_acc0": 45.15451545154515,
    "origin_acc1": 46.05460546054606,
    "origin_acc2": 45.72457245724573,
    "mean": 45.64456445644564,
    "task": "loss=contrastive+crossentropy"
}