{
    "origin_acc0": 87.06930693069307,
    "origin_acc1": 86.84158415841584,
    "origin_acc2": 86.8052805280528,
    "mean": 86.905,
    "var": 0.014,
    "task": "Crossentropy -D1024-ratio"
}