{
    "origin_acc0": 87.47524752475248,
    "origin_acc1": 87.46864686468646,
    "origin_acc2": 87.38943894389439,
    "mean": 87.44444444444444
}{
    "origin_acc0": 2.8085808580858087,
    "origin_acc1": 1.943894389438944,
    "origin_acc2": 3.514851485148515,
    "mean": 2.755775577557756
}{
    "origin_acc0": 2.7392739273927393,
    "origin_acc1": 3.264026402640264,
    "origin_acc2": 1.8712871287128714,
    "mean": 2.6248624862486247
}