{
    "origin_acc0": 80.86468646864687,
    "origin_acc1": 80.79537953795379,
    "origin_acc2": 80.42574257425743,
    "mean": 80.695,
    "var": 0.037,
    "task": "CLIP-Adapter, Crossentropy -D1"
}{
    "origin_acc0": 86.88778877887789,
    "origin_acc1": 86.74587458745874,
    "origin_acc2": 86.91749174917491,
    "mean": 86.85,
    "var": 0.006,
    "task": "CLIP-Adapter, Crossentropy -D1-ratio"
}