{
    "origin_acc0": 87.47524752475248,
    "origin_acc1": 87.46864686468646,
    "origin_acc2": 87.38943894389439,
    "mean": 87.44444444444444
}{
    "origin_acc0": 75.74257425742574,
    "origin_acc1": 74.08580858085809,
    "origin_acc2": 75.91419141914191,
    "mean": 75.24752475247526
}{
    "origin_acc0": 82.32673267326733,
    "origin_acc1": 81.77887788778878,
    "origin_acc2": 81.96039603960396,
    "mean": 82.02200220022002,
    "task": "loss=contrastive+crossentropy"
}{
    "origin_acc0": 81.92739273927393,
    "origin_acc1": 81.51485148514851,
    "origin_acc2": 81.81518151815182,
    "mean": 81.75247524752474,
    "task": "loss=contrastive+crossentropy-scale100"
}{
    "origin_acc0": 42.58085808580858,
    "origin_acc1": 39.353135313531354,
    "origin_acc2": 58.28052805280528,
    "mean": 46.73817381738174,
    "task": "loss=cyclip+crossentropy-exp.scale100"
}