{
    "origin_acc0": 87.47524752475248,
    "origin_acc1": 87.46864686468646,
    "origin_acc2": 87.38943894389439,
    "mean": 87.44444444444444
}{
    "origin_acc0": 75.74257425742574,
    "origin_acc1": 74.08580858085809,
    "origin_acc2": 75.91419141914191,
    "mean": 75.24752475247526
}{
    "origin_acc0": 78.72277227722772,
    "origin_acc1": 79.22112211221122,
    "origin_acc2": 79.26732673267327,
    "mean": 79.07040704070407,
    "task": "loss=loss1+loss2"
}