{
    "origin_acc0": 87.47524752475248,
    "origin_acc1": 87.46864686468646,
    "origin_acc2": 87.38943894389439,
    "mean": 87.44444444444444
}