{
    "origin_acc0": 87.47524752475248,
    "origin_acc1": 87.46864686468646,
    "origin_acc2": 87.38943894389439,
    "mean": 87.44444444444444
}{
    "origin_acc0": 75.74257425742574,
    "origin_acc1": 74.08580858085809,
    "origin_acc2": 75.91419141914191,
    "mean": 75.24752475247526
}{
    "origin_acc0": 80.3069306930693,
    "origin_acc1": 80.14521452145215,
    "origin_acc2": 79.73927392739274,
    "mean": 80.06380638063807
}