{
    "origin_acc0": 64.468,
    "origin_acc1": 64.754,
    "origin_acc2": 63.954,
    "mean": 64.39200000000001,
    "task": "contrastive + cross entropy loss-no torch.exp"
}{
    "origin_acc0": 65.252,
    "origin_acc1": 65.472,
    "origin_acc2": 65.088,
    "mean": 65.27066666666666,
    "task": "contrastive + cross entropy loss-scale-100"
}{
    "origin_acc0": 64.468,
    "origin_acc1": 64.754,
    "origin_acc2": 63.954,
    "mean": 64.39200000000001,
    "task": "contrastive + cross entropy loss-scale-10"
}