{
    "origin_acc0": 95.33089727974016,
    "origin_acc1": 95.69630531871701,
    "origin_acc2": 95.5339017458384,
    "mean": 95.52,
    "var": 0.022,
    "task": "Crossentropy -D1024-ratio"
}{
    "origin_acc0": 92.77304100690215,
    "origin_acc1": 94.27527405602923,
    "origin_acc2": 93.74746244417378,
    "mean": 93.599,
    "var": 0.387,
    "task": "Crossentropy -D1024-ratio-alpha-exp-init1"
}{
    "origin_acc0": 87.25131952902964,
    "origin_acc1": 86.27689809175801,
    "origin_acc2": 86.84531059683313,
    "mean": 86.791,
    "var": 0.16,
    "task": "Crossentropy -D1024-ratio-alpha-exp-init4"
}{
    "origin_acc0": 93.74746244417378,
    "origin_acc1": 95.73690621193666,
    "origin_acc2": 95.2090946000812,
    "mean": 94.898,
    "var": 0.708,
    "task": "Crossentropy -D1024-ratio-alpha-exp-init-0.5"
}{
    "origin_acc0": 92.69183922046285,
    "origin_acc1": 94.80308566788469,
    "origin_acc2": 94.76248477466504,
    "mean": 94.086,
    "var": 0.972,
    "task": "Crossentropy -D1024-ratio-alpha-log-init-10"
}{
    "origin_acc0": 71.01096224116931,
    "origin_acc1": 71.29516849370687,
    "origin_acc2": 71.17336581404791,
    "mean": 71.16,
    "var": 0.014,
    "task": "Crossentropy -D1024-ratio-alpha-log-init-1"
}{
    "origin_acc0": 92.52943564758425,
    "origin_acc1": 93.42265529841657,
    "origin_acc2": 93.78806333739342,
    "mean": 93.247,
    "var": 0.28,
    "task": "Crossentropy -D1024-ratio-alpha-old"
}