{
    "origin_acc0": 92.6137912237667,
    "origin_acc1": 92.17770509675661,
    "origin_acc2": 92.64104660670482,
    "mean": 92.478,
    "var": 0.045,
    "task": "Crossentropy -D1024-ratio"
}{
    "origin_acc0": 92.72281275551921,
    "origin_acc1": 92.04142818206596,
    "origin_acc2": 92.04142818206596,
    "mean": 92.269,
    "var": 0.103,
    "task": "Crossentropy -D1024-ratio-alpha-exp-init1"
}{
    "origin_acc0": 92.31398201144727,
    "origin_acc1": 91.52357590624148,
    "origin_acc2": 92.01417279912783,
    "mean": 91.951,
    "var": 0.106,
    "task": "Crossentropy -D1024-ratio-alpha-exp-init4"
}{
    "origin_acc0": 92.5320250749523,
    "origin_acc1": 92.50476969201418,
    "origin_acc2": 92.58653584082856,
    "mean": 92.541,
    "var": 0.001,
    "task": "Crossentropy -D1024-ratio-alpha-exp-init-0.5"
}{
    "origin_acc0": 92.50476969201418,
    "origin_acc1": 92.39574816026165,
    "origin_acc2": 92.20496047969473,
    "mean": 92.368,
    "var": 0.015,
    "task": "Crossentropy -D1024-ratio-alpha-log-init-10"
}{
    "origin_acc0": 89.04333605887163,
    "origin_acc1": 89.0160806759335,
    "origin_acc2": 89.0160806759335,
    "mean": 89.025,
    "var": 0.0,
    "task": "Crossentropy -D1024-ratio-alpha-log-init-1"
}{
    "origin_acc0": 92.83183428727173,
    "origin_acc1": 92.31398201144727,
    "origin_acc2": 92.259471245571,
    "mean": 92.468,
    "var": 0.067,
    "task": "Crossentropy -D1024-ratio-alpha-old"
}{
    "origin_acc0": 92.31398201144727,
    "origin_acc1": 92.23221586263287,
    "origin_acc2": 92.0686835650041,
    "mean": 92.205,
    "var": 0.01,
    "task": "Crossentropy -D1024-ratio-alpha-beta"
}