{
    "origin_acc0": 89.12510220768601,
    "origin_acc1": 89.67020986644863,
    "origin_acc2": 89.20686835650041,
    "mean": 89.334,
    "var": 0.058,
    "task": "CLIP-Adapter, Crossentropy -D1"
}{
    "origin_acc0": 92.6137912237667,
    "origin_acc1": 92.75006813845735,
    "origin_acc2": 92.0686835650041,
    "mean": 92.478,
    "var": 0.087,
    "task": "CLIP-Adapter, Crossentropy -D1-ratio"
}