{
    "origin_acc0": 95.57450263905805,
    "origin_acc1": 95.89930978481527,
    "origin_acc2": 95.98051157125457,
    "mean": 95.818,
    "var": 0.031,
    "task": "CLIP-Adapter, Crossentropy -D1"
}{
    "origin_acc0": 96.83313032886724,
    "origin_acc1": 96.42712139667073,
    "origin_acc2": 96.46772228989038,
    "mean": 96.576,
    "var": 0.033,
    "task": "CLIP-Adapter, Crossentropy -D1-ratio"
}