{
    "origin_acc0": 93.32243118015808,
    "origin_acc1": 93.0771327337149,
    "origin_acc2": 92.55928045789044,
    "mean": 92.98628145725446
}