{
    "origin_acc0": 93.32243118015808,
    "origin_acc1": 93.0771327337149,
    "origin_acc2": 92.55928045789044,
    "mean": 92.98628145725446
}{
    "origin_acc0": 86.34505314799672,
    "origin_acc1": 82.61106568547288,
    "origin_acc2": 86.89016080675934,
    "mean": 85.28209321340965
}{
    "origin_acc0": 87.89860997547015,
    "origin_acc1": 87.2172254020169,
    "origin_acc2": 88.44371763423275,
    "mean": 87.85318433723994
}{
    "origin_acc0": 85.93622240392477,
    "origin_acc1": 86.50858544562551,
    "origin_acc2": 85.63641319160534,
    "mean": 86.02707368038521,
    "task": "contrastive loss-no torch.exp"
}