{
    "origin_acc0": 93.32243118015808,
    "origin_acc1": 93.0771327337149,
    "origin_acc2": 92.55928045789044,
    "mean": 92.98628145725446
}{
    "origin_acc0": 86.34505314799672,
    "origin_acc1": 82.61106568547288,
    "origin_acc2": 86.89016080675934,
    "mean": 85.28209321340965
}{
    "origin_acc0": 87.89860997547015,
    "origin_acc1": 87.2172254020169,
    "origin_acc2": 88.44371763423275,
    "mean": 87.85318433723994
}{
    "origin_acc0": 89.97001907876806,
    "origin_acc1": 89.69746524938675,
    "origin_acc2": 90.43336058871627,
    "mean": 90.03361497229037,
    "task": "loss=contrastive+crossentropy"
}{
    "origin_acc0": 90.16080675933497,
    "origin_acc1": 89.53393295175798,
    "origin_acc2": 89.9155083128918,
    "mean": 89.87008267466159,
    "task": "loss=contrastive+crossentropy-scale100"
}{
    "origin_acc0": 38.26655764513492,
    "origin_acc1": 39.602071409103296,
    "origin_acc2": 28.727173616789315,
    "mean": 35.53193422367584,
    "task": "loss=cyclip+crossentropy-exp.scale100"
}{
    "origin_acc0": 89.50667756881984,
    "origin_acc1": 89.97001907876806,
    "origin_acc2": 89.2886345053148,
    "mean": 89.58844371763423,
    "task": "loss=cyclip+crossentropy-only100"
}{
    "origin_acc0": 86.04524393567729,
    "origin_acc1": 86.3177977650586,
    "origin_acc2": 83.18342872717362,
    "mean": 85.18215680930318,
    "task": "loss=cyclip+crossentropy-imgfeat-100, clip weight-exp.10"
}{
    "origin_acc0": 86.18152085036795,
    "origin_acc1": 87.92586535840829,
    "origin_acc2": 87.51703461433632,
    "mean": 87.20814027437086,
    "task": "two adapter crossentropy results:"
}