{
    "origin_acc0": 87.46252384846007,
    "origin_acc1": 85.772690106296,
    "origin_acc2": 86.91741618969746,
    "mean": 86.718,
    "var": 0.496,
    "task": "CLIP-Adapter, Crossentropy -D1024"
}{
    "origin_acc0": 92.91360043608613,
    "origin_acc1": 92.80457890433361,
    "origin_acc2": 92.4502589261379,
    "mean": 92.723,
    "var": 0.039,
    "task": "CLIP-Adapter, Crossentropy -D1024-ratio"
}{
    "origin_acc0": 92.5320250749523,
    "origin_acc1": 92.259471245571,
    "origin_acc2": 92.55928045789044,
    "mean": 92.45,
    "var": 0.018,
    "task": "CLIP-Adapter, Crossentropy -D1024-ratio-contrastive"
}{
    "origin_acc0": 92.01417279912783,
    "origin_acc1": 91.76887435268466,
    "origin_acc2": 91.55083128917961,
    "mean": 91.778,
    "var": 0.036,
    "task": "CLIP-Adapter, Crossentropy -D1024-ratio-contrastive-alpha"
}{
    "origin_acc0": 89.09784682474789,
    "origin_acc1": 88.7435268465522,
    "origin_acc2": 89.23412373943854,
    "mean": 89.025,
    "var": 0.043,
    "task": "CLIP-Adapter, Crossentropy -D1024-contrastive"
}{
    "origin_acc0": 89.23412373943854,
    "origin_acc1": 88.63450531479967,
    "origin_acc2": 88.06214227309894,
    "mean": 88.644,
    "var": 0.229,
    "task": "CLIP-Adapter, Crossentropy -D1024-contrastive-alpha"
}