{
    "origin_acc0": 96.18351603735282,
    "origin_acc1": 95.65570442549736,
    "origin_acc2": 97.11733658140479,
    "mean": 96.31885234808499
}{
    "origin_acc0": 94.23467316280959,
    "origin_acc1": 94.27527405602923,
    "origin_acc2": 94.47827852212748,
    "mean": 94.3294085803221
}{
    "origin_acc0": 95.93991067803492,
    "origin_acc1": 96.46772228989038,
    "origin_acc2": 96.14291514413317,
    "mean": 96.18351603735282,
    "task": "loss=contrastive+crossentropy"
}