{
    "origin_acc0": 92.6137912237667,
    "origin_acc1": 92.17770509675661,
    "origin_acc2": 92.64104660670482,
    "mean": 92.478,
    "var": 0.045,
    "task": "Crossentropy -D1024-ratio"
}