{
    "origin_acc0": 96.18351603735282,
    "origin_acc1": 95.65570442549736,
    "origin_acc2": 97.11733658140479,
    "mean": 96.31885234808499
}{
    "origin_acc0": 94.23467316280959,
    "origin_acc1": 94.27527405602923,
    "origin_acc2": 94.47827852212748,
    "mean": 94.3294085803221
}{
    "origin_acc0": 95.93991067803492,
    "origin_acc1": 96.46772228989038,
    "origin_acc2": 96.14291514413317,
    "mean": 96.18351603735282,
    "task": "loss=contrastive+crossentropy"
}{
    "origin_acc0": 96.22411693057248,
    "origin_acc1": 96.50832318311002,
    "origin_acc2": 96.14291514413317,
    "mean": 96.29178508593856,
    "task": "loss=contrastive+crossentropy-scale100"
}{
    "origin_acc0": 73.04100690215185,
    "origin_acc1": 47.01583434835566,
    "origin_acc2": 11.896061713357694,
    "mean": 43.984300987955066,
    "task": "loss=cyclip+crossentropy-exp.scale100"
}{
    "origin_acc0": 95.85870889159561,
    "origin_acc1": 96.67072675598862,
    "origin_acc2": 96.42712139667073,
    "mean": 96.31885234808499,
    "task": "loss=cyclip+crossentropy-only100"
}