{
    "origin_acc0": 93.32243118015808,
    "origin_acc1": 93.0771327337149,
    "origin_acc2": 92.55928045789044,
    "mean": 92.98628145725446
}{
    "origin_acc0": 83.0744071954211,
    "origin_acc1": 82.61106568547288,
    "origin_acc2": 86.89016080675934,
    "mean": 84.19187789588445
}