{
    "origin_acc0": 96.18351603735282,
    "origin_acc1": 95.65570442549736,
    "origin_acc2": 97.11733658140479,
    "mean": 96.31885234808499
}{
    "origin_acc0": 94.23467316280959,
    "origin_acc1": 94.27527405602923,
    "origin_acc2": 94.47827852212748,
    "mean": 94.3294085803221
}{
    "origin_acc0": 94.60008120178644,
    "origin_acc1": 95.08729192042225,
    "origin_acc2": 94.64068209500608,
    "mean": 94.77601840573824
}