{
    "origin_acc0": 79.44285536624798,
    "origin_acc1": 79.19413008332297,
    "origin_acc2": 78.41064544210919,
    "mean": 79.016,
    "var": 0.193,
    "task": "Crossentropy -D1024-ratio"
}