{
    "origin_acc0": 83.54682253451064,
    "origin_acc1": 84.04427310036066,
    "origin_acc2": 83.21104340256187,
    "mean": 83.60071301247773
}{
    "origin_acc0": 79.33092898893173,
    "origin_acc1": 79.65427185673424,
    "origin_acc2": 79.35580151722422,
    "mean": 79.44700078763007
}{
    "origin_acc0": 81.29585872403929,
    "origin_acc1": 81.25854993160054,
    "origin_acc2": 81.22124113916179,
    "mean": 81.25854993160054,
    "task": "loss=loss1+loss2"
}{
    "origin_acc0": 80.86058947892053,
    "origin_acc1": 80.76109936575052,
    "origin_acc2": 80.71135430916553,
    "mean": 80.77768105127886,
    "task": "contrastive loss-no torch.exp"
}