{
    "origin_acc0": 83.54682253451064,
    "origin_acc1": 84.04427310036066,
    "origin_acc2": 83.21104340256187,
    "mean": 83.60071301247773
}