{
    "origin_acc0": 83.54682253451064,
    "origin_acc1": 84.04427310036066,
    "origin_acc2": 83.21104340256187,
    "mean": 83.60071301247773
}{
    "origin_acc0": 79.33092898893173,
    "origin_acc1": 79.65427185673424,
    "origin_acc2": 79.35580151722422,
    "mean": 79.44700078763007
}{
    "origin_acc0": 80.238776271608,
    "origin_acc1": 80.89789827135928,
    "origin_acc2": 80.38801144136302,
    "mean": 80.50822866144343,
    "task": "loss=contrastive+crossentropy"
}{
    "origin_acc0": 80.86058947892053,
    "origin_acc1": 81.73112796915807,
    "origin_acc2": 80.82328068648178,
    "mean": 81.13833271152014,
    "task": "loss=contrastive+crossentropy-scale100"
}{
    "origin_acc0": 35.36873523193633,
    "origin_acc1": 23.330431538365875,
    "origin_acc2": 46.200721303320485,
    "mean": 34.96662935787423,
    "task": "loss=cyclip+crossentropy-exp.scale100"
}{
    "origin_acc0": 80.46262902624052,
    "origin_acc1": 80.27608506404675,
    "origin_acc2": 79.61696306429549,
    "mean": 80.11855905152758,
    "task": "loss=cyclip+crossentropy-only100"
}{
    "origin_acc0": 74.43104091530904,
    "origin_acc1": 72.86407163288148,
    "origin_acc2": 74.14500683994528,
    "mean": 73.81337312937859,
    "task": "loss=cyclip+crossentropy-imgfeat-100, clip weight-exp.10"
}{
    "origin_acc0": 78.88322347966671,
    "origin_acc1": 79.46772789454047,
    "origin_acc2": 77.75152344235792,
    "mean": 78.70082493885504,
    "task": "two adapter crossentropy results:"
}