{
    "origin_acc0": 83.54682253451064,
    "origin_acc1": 84.04427310036066,
    "origin_acc2": 83.21104340256187,
    "mean": 83.60071301247773
}{
    "origin_acc0": 79.33092898893173,
    "origin_acc1": 79.65427185673424,
    "origin_acc2": 79.35580151722422,
    "mean": 79.44700078763007
}