{
    "origin_acc0": 81.14662355428429,
    "origin_acc1": 81.58189279940306,
    "origin_acc2": 80.68648178087302,
    "mean": 81.138,
    "var": 0.134,
    "task": "CLIP-Adapter, Crossentropy -D1"
}{
    "origin_acc0": 82.41512249720184,
    "origin_acc1": 82.94988185549062,
    "origin_acc2": 81.79330928988932,
    "mean": 82.386,
    "var": 0.223,
    "task": "CLIP-Adapter, Crossentropy -D1-ratio"
}