{
    "origin_acc0": 79.44285536624798,
    "origin_acc1": 79.19413008332297,
    "origin_acc2": 78.41064544210919,
    "mean": 79.016,
    "var": 0.193,
    "task": "Crossentropy -D1024-ratio"
}{
    "origin_acc0": 78.47282676284044,
    "origin_acc1": 79.13194876259172,
    "origin_acc2": 77.41574431040915,
    "mean": 78.34,
    "var": 0.5,
    "task": "Crossentropy -D1024-ratio-alpha-exp-init-0.5"
}{
    "origin_acc0": 72.82676284044273,
    "origin_acc1": 72.55316502922523,
    "origin_acc2": 72.51585623678648,
    "mean": 72.632,
    "var": 0.019,
    "task": "Crossentropy -D1024-ratio-alpha-exp-init-4"
}{
    "origin_acc0": 76.61982340504912,
    "origin_acc1": 76.94316627285164,
    "origin_acc2": 76.69444098992662,
    "mean": 76.752,
    "var": 0.019,
    "task": "Crossentropy -D1024-ratio-alpha-exp-init-1"
}{
    "origin_acc0": 76.63225966919538,
    "origin_acc1": 77.41574431040915,
    "origin_acc2": 77.39087178211665,
    "mean": 77.146,
    "var": 0.132,
    "task": "Crossentropy -D1024-ratio-alpha-log-init-10"
}{
    "origin_acc0": 65.46449446586246,
    "origin_acc1": 65.82514612610372,
    "origin_acc2": 65.82514612610372,
    "mean": 65.705,
    "var": 0.029,
    "task": "Crossentropy -D1024-ratio-alpha-log-init-1"
}