{
    "origin_acc0": 73.34005037783375,
    "origin_acc1": 73.29974811083123,
    "origin_acc2": 73.1234256926952,
    "mean": 73.254,
    "var": 0.009,
    "task": "Crossentropy -D1024-ratio"
}{
    "origin_acc0": 72.16120906801008,
    "origin_acc1": 72.3425692695214,
    "origin_acc2": 72.28715365239294,
    "mean": 72.264,
    "var": 0.006,
    "task": "Crossentropy -D1024-ratio-alpha-exp-init1"
}{
    "origin_acc0": 71.21410579345088,
    "origin_acc1": 71.40050377833754,
    "origin_acc2": 71.21410579345088,
    "mean": 71.276,
    "var": 0.008,
    "task": "Crossentropy -D1024-ratio-alpha-exp-init4"
}{
    "origin_acc0": 73.29974811083123,
    "origin_acc1": 73.09823677581863,
    "origin_acc2": 72.816120906801,
    "mean": 73.071,
    "var": 0.039,
    "task": "Crossentropy -D1024-ratio-alpha-exp-init-0.5"
}{
    "origin_acc0": 72.48362720403023,
    "origin_acc1": 72.82115869017632,
    "origin_acc2": 72.22166246851386,
    "mean": 72.509,
    "var": 0.06,
    "task": "Crossentropy -D1024-ratio-alpha-log-init-10"
}{
    "origin_acc0": 68.79596977329975,
    "origin_acc1": 68.92695214105794,
    "origin_acc2": 68.85642317380352,
    "mean": 68.86,
    "var": 0.003,
    "task": "Crossentropy -D1024-ratio-alpha-log-init-1"
}