{
    "origin_acc0": 71.62216624685138,
    "origin_acc1": 70.9823677581864,
    "origin_acc2": 70.70025188916877,
    "mean": 71.102,
    "var": 0.149,
    "task": "CLIP-Adapter, Crossentropy -D1"
}{
    "origin_acc0": 74.08060453400503,
    "origin_acc1": 73.32997481108312,
    "origin_acc2": 73.38035264483628,
    "mean": 73.597,
    "var": 0.117,
    "task": "CLIP-Adapter, Crossentropy -D1-ratio"
}