{
    "origin_acc0": 76.42317380352645,
    "origin_acc1": 76.57430730478589,
    "origin_acc2": 76.55415617128463,
    "mean": 76.51721242653232
}{
    "origin_acc0": 63.92947103274559,
    "origin_acc1": 65.0528967254408,
    "origin_acc2": 64.80100755667506,
    "mean": 64.59445843828716
}{
    "origin_acc0": 70.66498740554157,
    "origin_acc1": 70.17632241813602,
    "origin_acc2": 70.47858942065491,
    "mean": 70.4399664147775,
    "task": "loss=contrastive+crossentropy"
}{
    "origin_acc0": 71.48110831234257,
    "origin_acc1": 71.23929471032746,
    "origin_acc2": 71.0176322418136,
    "mean": 71.24601175482788,
    "task": "loss=contrastive+crossentropy-scale100"
}{
    "origin_acc0": 66.58942065491183,
    "origin_acc1": 58.24685138539043,
    "origin_acc2": 62.92695214105793,
    "mean": 62.58774139378673,
    "task": "loss=cyclip+crossentropy-exp.scale100"
}{
    "origin_acc0": 73.18891687657431,
    "origin_acc1": 72.85642317380352,
    "origin_acc2": 73.19395465994963,
    "mean": 73.07976490344248,
    "task": "loss=cyclip+crossentropy-only100"
}