{
    "origin_acc0": 76.42317380352645,
    "origin_acc1": 76.57430730478589,
    "origin_acc2": 76.55415617128463,
    "mean": 76.51721242653232
}{
    "origin_acc0": 63.92947103274559,
    "origin_acc1": 65.0528967254408,
    "origin_acc2": 64.80100755667506,
    "mean": 64.59445843828716
}{
    "origin_acc0": 66.6146095717884,
    "origin_acc1": 67.07304785894206,
    "origin_acc2": 67.86397984886649,
    "mean": 67.18387909319898,
    "task": "loss=loss1+loss2"
}