{
    "origin_acc0": 76.42317380352645,
    "origin_acc1": 76.57430730478589,
    "origin_acc2": 76.55415617128463,
    "mean": 76.51721242653232
}{
    "origin_acc0": 63.92947103274559,
    "origin_acc1": 65.0528967254408,
    "origin_acc2": 64.80100755667506,
    "mean": 64.59445843828716
}{
    "origin_acc0": 68.64483627204031,
    "origin_acc1": 68.74055415617129,
    "origin_acc2": 68.48866498740554,
    "mean": 68.62468513853905
}