{
    "origin_acc0": 76.42317380352645,
    "origin_acc1": 76.57430730478589,
    "origin_acc2": 76.55415617128463,
    "mean": 76.51721242653232
}