{
    "origin_acc0": 73.34005037783375,
    "origin_acc1": 73.29974811083123,
    "origin_acc2": 73.1234256926952,
    "mean": 73.254,
    "var": 0.009,
    "task": "Crossentropy -D1024-ratio"
}