{
    "origin_acc0": 84.45678033306899,
    "origin_acc1": 85.2498017446471,
    "origin_acc2": 85.14406555643669,
    "mean": 84.95021587805093
}{
    "origin_acc0": 70.97541633624108,
    "origin_acc1": 71.50409727729316,
    "origin_acc2": 71.02828443034629,
    "mean": 71.16926601462684
}{
    "origin_acc0": 82.84430346286017,
    "origin_acc1": 82.89717155696538,
    "origin_acc2": 84.08670367433254,
    "mean": 83.27605956471936,
    "task": "loss=contrastive+crossentropy"
}{
    "origin_acc0": 82.3684906159133,
    "origin_acc1": 81.94554586307163,
    "origin_acc2": 83.055775839281,
    "mean": 82.45660410608865,
    "task": "loss=contrastive+crossentropy-scale100"
}{
    "origin_acc0": 65.87364525508855,
    "origin_acc1": 67.11604546656093,
    "origin_acc2": 59.34443563309543,
    "mean": 64.11137545158164,
    "task": "loss=cyclip+crossentropy-exp.scale100"
}{
    "origin_acc0": 81.7340734866508,
    "origin_acc1": 81.46973301612476,
    "origin_acc2": 83.37298440391224,
    "mean": 82.1922636355626,
    "task": "loss=cyclip+crossentropy-only100"
}{
    "origin_acc0": 76.52656621728786,
    "origin_acc1": 72.74649748876553,
    "origin_acc2": 75.99788527623579,
    "mean": 75.09031632742973,
    "task": "loss=cyclip+crossentropy-imgfeat-100, clip weight-exp.10"
}{
    "origin_acc0": 80.17446471054718,
    "origin_acc1": 78.00687285223368,
    "origin_acc2": 79.06423473433783,
    "mean": 79.0818574323729,
    "task": "two adapter crossentropy results:"
}