{
    "origin_acc0": 83.42585249801745,
    "origin_acc1": 83.87523129791171,
    "origin_acc2": 83.7959291567539,
    "mean": 83.699,
    "var": 0.038,
    "task": "Crossentropy -D1024-ratio"
}