{
    "origin_acc0": 82.81786941580756,
    "origin_acc1": 82.76500132170236,
    "origin_acc2": 83.55802273328047,
    "mean": 83.047,
    "var": 0.131,
    "task": "CLIP-Adapter, Crossentropy -D1"
}{
    "origin_acc0": 84.13957176843775,
    "origin_acc1": 83.63732487443828,
    "origin_acc2": 85.09119746233148,
    "mean": 84.289,
    "var": 0.364,
    "task": "CLIP-Adapter, Crossentropy -D1-ratio"
}
