{
    "origin_acc0": 84.45678033306899,
    "origin_acc1": 85.2498017446471,
    "origin_acc2": 85.14406555643669,
    "mean": 84.95021587805093
}{
    "origin_acc0": 70.97541633624108,
    "origin_acc1": 71.50409727729316,
    "origin_acc2": 71.02828443034629,
    "mean": 71.16926601462684
}{
    "origin_acc0": 81.41686492201956,
    "origin_acc1": 80.43880518107322,
    "origin_acc2": 80.78244779275707,
    "mean": 80.87937263194995
}