{"epoch": 41, "loss12": 4.261452674865723, "loss3": 4.59765625, "loss": 8.859108924865723, "train_accuracy": 0.0, "_timestamp": 1699044667.035056, "_runtime": 362.2210531234741, "_step": 41, "_wandb": {"runtime": 366}}