{"epoch": 1, "loss12": 79.23646545410156, "loss3": 11.59375, "loss": 90.83021545410156, "train_accuracy": 1.5625, "_timestamp": 1699044033.0458293, "_runtime": 28.90448832511902, "_step": 1, "_wandb": {"runtime": 35}}