{"epoch": 15, "loss1": 21.32749366760254, "loss2": 29.043933868408203, "loss3": 4.63671875, "loss": 29.822433471679688, "train_accuracy": 1.5625, "_timestamp": 1699044929.6989415, "_runtime": 143.44054055213928, "_step": 15, "_wandb": {"runtime": 148}}