{"epoch": 76, "loss12": 4.783015251159668, "loss3": 1.6318359375, "loss": 6.414851188659668, "train_accuracy": 58.75, "_timestamp": 1699047055.8828201, "_runtime": 627.7128260135651, "_step": 76}