{"epoch": 99, "loss12": 4.895402431488037, "loss3": 1.255859375, "loss": 6.151261806488037, "train_accuracy": 70.0, "_timestamp": 1699047238.4229395, "_runtime": 810.2529454231262, "_step": 99, "_wandb": {"runtime": 809}}