{"epoch": 18, "loss12": 4.48934268951416, "loss3": 0.85595703125, "loss": 5.34529972076416, "train_accuracy": 81.25, "_timestamp": 1699047059.2235196, "_runtime": 174.8874716758728, "_step": 18}