{"epoch": 99, "loss12": 4.483789920806885, "loss3": 1.3798828125, "loss": 5.863672733306885, "train_accuracy": 65.625, "_timestamp": 1699047846.697439, "_runtime": 962.3613910675049, "_step": 99, "_wandb": {"runtime": 961}}